{"PriceStats":{"AverageSalePrice":39.321214953270996,"StandardDeviation":8.8563776945462216,"NumberOfResults":107},"ProductId":1910}